0,"@switchfoot http://twitpic.com/2y1zl - Awww, that's a bummer.  You shoulda got David Carr of Third Day to do it. ;D"
0,is upset that he can't update his Facebook by texting it... and might cry as a result  School today also. Blah!
0,@Kenichan I dived many times for the ball. Managed to save 50%  The rest go out of bounds
0,my whole body feels itchy and like its on fire 
0,"@nationwideclass no, it's not behaving at all. i'm mad. why am i here? because I can't see you all over there. "
0,@Kwesidei not the whole crew 
0,Need a hug 
0,"@LOLTrish hey  long time no see! Yes.. Rains a bit ,only a bit  LOL , I'm fine thanks , how's you ?"
0,@Tatiana_K nope they didn't have it 
0,@twittera que me muera ? 
0,spring break in plain city... it's snowing 
0,I just re-pierced my ears 
0,@caregiving I couldn't bear to watch it.  And I thought the UA loss was embarrassing . . . . .
0,"@octolinz16 It it counts, idk why I did either. you never talk to me anymore "
0,"@smarrison i would've been the first, but i didn't have a gun.    not really though, zac snyder's just a doucheclown."
0,@iamjazzyfizzle I wish I got to watch it with you!! I miss you and @iamlilnicki  how was the premiere?!
0,Hollis' death scene will hurt me severely to watch on film  wry is directors cut not out now?
0,about to file taxes 
0,@LettyA ahh ive always wanted to see rent  love the soundtrack!!
0,@FakerPattyPattz Oh dear. Were you drinking out of the forgotten table drinks? 
0,@alydesigns i was out most of the day so didn't get much done 
0,"one of my friend called me, and asked to meet with her at Mid Valley today...but i've no time *sigh* "
0,@angry_barista I baked you a cake but I ated it 
0,this week is not going as i had hoped 
0,blagh class at 8 tomorrow 
0,I hate when I have to call and wake people up 
0,Just going to cry myself to sleep after watching Marley and Me.  
4,"Schoolioo, Easy Day. Star Trek &amp; Mall w/ Allison tonight "
4,@EstrellaBella10 Looks like someone read the handbook of &quot;How to get on the good side of new co-workers&quot; #brownies 
4,KAJ??? I ve loved you all my life!!!  
4,finally weekend! 
4,@SteviBianca keep quoting Soulja Boy and i WILL block u. Happy Friday 
4,"zomg, my previous tweet was my 101th!  movie screening at home starting soon, "
4,I saw @paigejavier at Mary Grace! 
4,1 thing I like about the subway: randomly meeting someone I hadn't seen in 2+ yrs!  Love weird coincidences!
4,@GillDeCosemo Thank you for the follow friday 
4,and this  http://bit.ly/19bJGz
4,@ItsJustDi 
4,Holy Only 12 fucking days till i see callum 
4,@sonnycentral Thank you! I did  Have a great day!
4,@JonathanRKnight You have the same sense of humor as one of my friends...LOVE IT! 
4,I'm eating cheezits...with TWO flavors!  sharp cheddar &amp; parmesan. :-D
4,TGIF snitches!!....kids acting chill...its payday...keyshia/keri concert tonight..doubled up on excedrin. today is gonna be a good day! 
4,Going to class till noon.....Jammin out to the radio!! 
4,#followfriday because he is as sick in the head as I am (and was whining he does not get tagged on fridays) @antonstrout 
4,watchin Espn's First Take! my favorite mornin show! lol Skip is great tv! fyi Im a Witness! 
4,is showering.  Then off to Robinson for a little shopping. 
4,#must_follow @java4two because she's a great friend that see's the good in everyone 
4,"@mattlaw hang in there sweetie....we might just pull through all this. chin up, stay positive, and feet to pavement "
4,just joined twitter !! 
4,@DestinyHope92 tehee yeaah 
4,"@gillalexander laffing hard here, cant beat cillit bang "
4,@AlanDavidson Thanks for the FF mention. 
4,@SPNobsessed31 g'mornin' 
4,"Looking for anyone doing GD to help me with a logo design, pronto! Huge meal as a reward. "
4,"@verwon You see, this is exactly why we have no trust in our relationship.  It's because we don't have a relationship. "
4,@micoroan25 hey cuz! belated happy birthday 
4,kevin syens can suck itt 
4,@ghengis317 yay for good night sleep and date  i had none of those but i still slept pretty well :p
4,@tishgrier thanks.  surely two finger crossings are better than one! 
4,sister comes today!!! so excited and later picking up cap and gown for graduation on monday 
4,Happy Birthday Lex!  I love you! (no romo) 
4,@DJTygerLilly technically 130p but come anytime  got office to my lonesome
4,Getting ready to go see Disney's &quot;Up&quot; at the theater today with the kiddos!  Yay for Friday.  
4,Packing 
4,Don't tell anyone but I secretly love @paigehopelaugh and @lauraclowson and I can't wait to see them 
4,@khani Yep. I think the world is a safer place now Or more organized in crazyness. Now people will be seeking U out COZ you're crazy 
4,surtei horrores ontem. o show foi liiiindo! thank you guys 
4,@therealsim_o Thanks. I was rather pleased with that turn of phrase myself 
4,Bubbly - Jason Mraz....song of the day for me  totally loving havin 25 degree and the SUN in GLASGOW 
4,@theadocia ... I think the answer to #1 is the fact that people have loosen up a bit (along with their shirts!).     Happy Friday!
4,@ms_miko We don't want you here.  I have no tips.  j/k
4,"@libbytalks: #followfriday @PITCHERPARK for insightful Tweets, great cause, day-maker, caring friend.  Thanks so much Libby! "
4,Feel like summer Santa claus-- gift giving everywhere 
4,"gotta pack up... move to my moms this weekend, then the big move next weekend.  (8 days)"
4,@skesse What the what?!  I think that's supposed to be my line... 
4,@bravenewlady Note taken...and we're following!    Thanks for the heads up...keep spreading the BU love!
4,@JessiO I ended up not being able to go to see @altgeldshrugged last night...sounds like it was crazy though - any funny stories? 
4,listening to &quot;the bad touch&quot;. 
4,@eSsrbLc yaaay FREEDOM 
4,interview went well  ... kinda hopefull
4,@JonathanRKnight OMG LMAOOOOOO!!!!!!  U are too funny Mister!! 
4,"Today, I am a sewing genius! "
4,@LeilaSamoodi thank you 
4,@trent_reznor Thanks again for everything you are doing.  I'll be seeing you in the home of the PENS 
4,@kimidreams just remember us little people when you're rich and famous 
4,@renelannte mousesports.com Holy Grail? Hm? 
4,"@El_Smacky It's a quote from Gilbert &amp; Sullivan's &quot;The Mikado.&quot; It's also quite, quite accurate. "
4,@paparazziprncss Just makin sure 
4,@rainbowlooove miss yu!! 
4,@loovely831 morning 
4,http://www.computerhope.com/issues/chspace.htm Never knew there was a nibble.... 
4,@khani Exactly. I will too. Or say I am. Anyway. Let the fine print be fine 
4,Going to the mall + movie with good friends. 
4,"in watford,waiting for friends  going to get a starbucks while i wait "
4,hmm. weekend getaway with my family!! whee!! 
4,"@CourierSport Bet on the Final, Get ï¿½25 cashback if your bet loses  http://tinyurl.com/qhoq8j"
4,@meghan_e LOL! That's awesome! Thank you 
4,Funny day today  got rubbed with grass by a girlfriend of mine and after that we had a water fight 
4,@e3expo please can you report back on the AVP3 game by sega as i heard it will be shown at E3 its one game im really looking fwd to 
4,@MrBillyBones Pls let me know if there's a website for ordering. I would be happy to promote the hell out of em. 
4,@DAiSYSanddots Oh no -- my condolences!!  
4,follow friday @redta @StanSmithCIA @sarahdiddle @SpitfireJon @ponet #follow friday funny ppl except 4 me :'( but i find funny stuff&amp; post 
4,@AshenDestiny Just had a look at ur updates..quite thoughtful ones.. 
4,@darraghdoyle The deal is if we hit the target you jump without the chute right ?  
4,@Nupe4BX lol me too..but im jus going with the flow 
4,Perfect perfect perfect day!!!!! 
4,@Ama21 faithful which isnt a problem 
4,@pablowapsi The Little Mermaid 
4,@cosita things are pretty good. Hopefully getting better soon  Are you planning a relaxing week end or are you still absorbed w/stuff?
4,@MissKeriBaby Pay attention to your dreams - God's angels often speak directly to our hearts when we are asleep.. 
4,About to go outside and work. Excited for going to the movies later with John 
4,Im watching TERMINATOR tommorow 
4,@LaughterAndJoy &lt;blush&gt; 
4,@MollieOfficial lmao  glasgow is gonna be so good! only 4 days to wait!!
4,Good Morning! Going to get these roots done - can't go into labor with bad hair! lol 
4,TGIF   Hope everyone has a fabulous weekend 
4,@DrRez Thanks for the followfriday! 
4,"@Penny_Lope YOU SUCK!!!! lol Have a great time babe, give Jensen a squeeze from me  xx"
4,Pepsi Throwback and Mountain Dew Throwback are NEW drinks without the HIGH FRUCTOSE CORN SYRUP... It's the way it should taste! 
4,"Sobuki knows it's bad form for DJ to dance to their own music, but she can't help it; she really can't!!!  ? http://blip.fm/~798q6"
4,@ecotricity - planet powa! the world record with greenbird- its awesum to watch          http://bit.ly/sFvBA
4,Party tonight  shake it ....
4,I just got my nose pierced!! I love it  And the sunshine makes me very happy today *smiles*
4,"Gooooooooooodmorning! The sun is up and shining. It's a beautiful day. Just right for graduation, thank God! "
4,@murz13 Thanks for that. 
4,@nerdboner sure! I have plenty to share!!!! 
4,goooood morning!  time for work...ugh...TGIF!!!!! 
4,...its Friday! &amp; another relaxing weekend at home is looking mighty goood! 
4,"In Love..can't wait to run my hands all over your body, and kiss every inch of every part that I missed this week  xoxo See you soon!"
4,"had a lovely afternoon picnicing, playing frisbee, and revising in the sun "
4,"Just drunk a coffe,but I'm still sleeping lol...now drink a fresh lemonade and eat some marshmallows mmm...then study guitar! "
4,@ashleyraebby it's just an awards show. That takes place in Oberhausen. 
4,@allisonpeltz haha  I can't help it!
4,@JohnLloydTaylor have fun 
4,@beauche  you are so funny.
4,"@The_Gary_Show Ha! We got Garibaldi's, Bourbons and Cookies, take your pick Sir Gary!  TFF5 is going be d'bomb! "
4,NP  @feblub  #followfriday
4,"@taluta Aw wow, sounds amazing . My mate really loves Arcade games, I would have loved to been around when there was the Arcade craze "
4,Seeing Up today. 
4,@qclindalou good morning  my eyeballs hurt...i should've listened to you!
4,@Switch42 @mishacollins My current fave is Burt's Bees - I love the minty tingle + it's all natural.  #mishaneedschapstick
4,@steelegti If you mainline it then you won't taste it.  That's why I'd never mainline beer. 
4,breakfast in bed on my day off? Excellent idea 
4,@googoodolls omg that is hilarious.  thanks for making my day 
4,On way home blasting mcfly in the back of the car in the sun good times 
4,@Amanda_Holden Just looked on web to see if you own a motorbike!!. Only reference was to a PILLION RIDE for ï¿½10!!!! love it!!  xxx
4,@latinprince whats good homie!! ill be there in 2-3 weeks 
4,JJ Cale &amp; Eric Clapton ï¿½ Ride The River Hello @Diordan  .....thank you @RightNowRadio ? http://blip.fm/~798qh
4,"i'm so happy that my boyfriend, @baugli, has a twitter account already, follow him too "
4,"Getting donuts because it is Friday  Oh, and the movie Up is out today!"
4,@Eminem The best singer  We love you
4,http://twitpic.com/66ljh - me and my sister at eco park  wee. boat ride was funn 
4,"@hopefulauthor Hi Jacqueline, thanks for the #followfriday "
4,"@1capplegate  Fine thanks, and you???  "
4,"&quot;Awesome&quot; night last night. Tried absinthe, hahah. Lovelovelove my friends. Megan is coming today! "
4,"it's for the All Children's telethon, so there IS a reason. "
4,@stephlalexander You mean Kelly Cartman? lol She got faaaaaaat. But who am I to talk about being a fatty fat fatty? 
4,my friends are missing..hey guys where are u...i miss you all..im stock here..middle of mountain and sea 
4,is back from the theater. A Night at the Museum 2 was hilarious. loved it.  http://plurk.com/p/x0vzs
4,@SEGA Did my direct message test get to you? 
4,Nearly time to pick up Lysann and go for Thai! 
4,@aubreyoday almost famous is one of my fav's too .. i see u got quotes up from the movie  oxox
4,@Seefilmfirst I love film and i twitter! off to see the hangover on the monday...will review it after 
4,Thanks for #followfriday   @GfWarrior @AuthorofPatches @MKRob @RemieJames
4,@rapidbi #followsabbath because he sends out cool stuff..hurry before Sundown!!  
4,@BenTheCook Thanks for explaining.  I couldn't figure out what you were talking about. 
4,@JHAZEBeats Good look! Ty Woods is dope I'm listening now 
4,"@edwardbeaman Congrats, Edward!  Any tips to share with this newbie blogger? "
4,@BloggerinChief1 lol so very true!  Hope you have a wonderful sunny weekend 
4,Playing 'Restaurant City' on Facebook. 
4,@mr_craig Thanks   Bless! Enjoy the innocence. The nephew in question is 18. He's one of the younger nephews (4 more + 4 nieces). I'm OLD
4,"@MasterCardNews Bet on the Final, Get ï¿½25 cashback if your bet loses  http://tinyurl.com/qhoq8j"
4,"says haha. parang wla ako sa work. ang inaatupag ko? facebook,ym and plurk. haha. bad.  http://plurk.com/p/x0w0x"
4,@cc_chapman Re your retweet about who 2 follow that's doing great things w/video for #followfriday ... @loubortone of course 
4,is on her way to the convention. Took a charter bus! 
4,"@amitgarg lol... I did the disappearing trick, tomorrow is going to be a fun if taxing day "
4,@bxbeautie Good glad 2 hear it 
4,What Beautiful Friday!! Happy Friday Yall! 
4,@heartlook HI!  Very welcome!! 
4,remembering when he was 16 and someone stole his RayBans from his car.  Jokes on them... they're fashion disasters now.  
4,@tessalouise7 p.s so excited about next weekend! metrossssss! we can hit the d floor 
4,daylight to break- switchfoot 
4,@lpm962 Righto 
4,@westleyl Off to buy some quality black pudding 
4,@teaforlife You're more than welcome!  
4,It feels great to wake up in the morning and have nothing to do 
4,"TGIF maybe I can get some sleep in tonight, another busy busy wkend ahead...lil sis graduating HS "
4,@stormmmo you shush. if i wanna paint my nails 6 times a day.. ill do it. 
0,yes yes still trying to find a picture that will upload correclty.. 
0,Why oh why was the Red Sox game rained out? I was so looking forward to opening day 
0,I still can't find my keys. 
0,@charlietm I know right. I dunno what is going on with twitter. 
0,might be getting a sore throat again 
0,@labelsnotlove   my home town. My mammy called all depressd.  Pls explain y a parent let their 8yr old child walk alone? Hello? Its 2009!
0,@ircmaxell - I think I need to find better anti-depressants.  I think this Paxil/Wellbutrin combo is losing its efficacy.  
0,@MyConnecticut Restaurant called WoodNTap has competitive eating tourney round tourney time. We place 2nd 
0,is in the bathroom... wake up lakin. 
0,@CaitlinOConnor i want tacos and margarhitas  telll gay i say hello&lt;3
0,"im lonely  keep me company! 22 female, california"
0,bad day at the betfair office 
0,I miss him.  Can't wait to celebrate the Tar Heel win this weekend though!!
0,I'm really cold. I don't want to go to sleep yet but there's nothing to do 
0,@kristencampisi is this it 4 u? Its ' officially over ' 4 me this go round! 
0,monkeys??? i just found out you my twin and you wont even write back.  i'm heartbroken
0,@miss_om Aww  I know I felt like that yesterday at work 
0,@SarahReedSC treaty isn't defined 
0,missed Brent at praise band.   No fun to not have the your lead guitarist.  &lt;pout&gt;
0,@jpfurry poor john  this is what happens when you play with fruit and a microwave! Seriously though HAVE you seen a doctor?? Xxx
0,Missing My BFF  watching home and away it reminds me of her and me  we &lt;3 It. shout out to u courts
0,@mandayyy   
0,New video card is DOA. 
0,"feeling lost, naked and confused (JK, sort of).....no iphone for me. "
0,"Damn i am so late at filling this appraisal form, people have almost sent it .. i was so occupied in work "
0,missed Brent at praise band.  No fun to not have your lead guitarist. &lt;pout&gt;
0,i think to much on the past. i cant change it. i deserved so much more then wat i got. ..but why am i still thinking about him  gah
0,has lost his ring. It's no-where to be seen 
0,"@burgaw Ooooooh! *sealclap* See, I download shitloads of zip folders off 4chan. I have no internet moneys.  FUCK YEAH ALICIA &amp; MIKEY."
0,Is still nursing my Nile but glad he is feeling better. I hate when my baby is sick 
0,Is fucked to go back to IC 
0,@Brandizzzle08 yoyoyo. my internet has been rude tonight. it JUST reconnected and I'm about to go to bed. 
0,@jemcam well i have uni stuff and netball  but after netbal if i've done uni stuff we can
0,@kissability Me too I is poor 
0,help me forget 8th april &amp; 13th july! 
0,"dierks bentley is comin' to columbus, OH!! i wanna go so bad "
0,i have to take my sidekick back. 
0,@chriscantore congrats! I'm totally jealous! only wish my XM was working 
0,gr8t my face is very itchy 
0,poor socks  luvvvvv the golden retriever!! I want one sighhhh
0,I just saw that they found that Tracy girl in a piece of luggage... How fucking terrible 
0,Aaaaand the nausea is back. 
0,@DonnieWahlberg ooh Iï¿½m excited and not even going 2 be there  long love YOUTUBE!
0,spent 1 hour to reach to Axis bank only to find out today is holiday for Mahavir Jayanti  contd..
0,@mathewsmichael  i agree... the jobros dont update theres very often 
0,@fishmouse it is hilarious and I linked the clip from LJ some time ago but when I went back just now it was a dead link 
0,@DiannePulham OOOOOOOO who with? (im not neither but thats because i need to study  )
0,"Haven't tweeted nearly all day  Posted my website tonight, hopefully that goes well  Night time!"
0,@bostongarden I miss bentley 
0,seriously needs to finish these job applications 
0,"My son Vincas is sick, so I stay at home  Just three tense days at work, and I am back on holiday with kids"
0,Whinging. My client&amp;boss don't understand English well. Rewrote some text unreadable. It's written by v. good writer&amp;reviewed correctly. 
0,@huntermoore I don't want him to ever punch me.  
0,sooo sick of the snow  ughh
0,@ITS_NEMESIS ------- 
0,@LoveMeagan it doesn't work your fan is upset 
0,I would like to apologize for the repeated Video Games Live related tweets. I am going to have a stern discussion with Koodo soon. Stern. 
0,@zaydia but i cant figure out how to get there / back / pay for a hotel etc 
0,"FML: So much for seniority, bc of technological ineptness, I now have to &quot;register&quot; for classes AGAIN "
0,feels like she slept the day away.    Not looking forward to any more bouts with my gallbladder.  At least I have pills now for the pain.
0,@ThaStevieG but what I really want is my old bass back 
0,Mad tired today... Callin it in early tonight  nighty night twittas
0,"@LevenRambin: Take it easy, and be good to you. "
0,I'm afraid I had bad code. 
0,Think I'm going to bed. Goodniight. I hate this 
0,"@riancurtis  i'm here, friend, and i love you."
0,@kariajay  All this time you didn't notice I was gone...just needed DB2 is it??
0,@aaronrva is in the bathroom and i have to pee!    
0,@ashleyskyy but I wanted a margarita too! 
0,@KourtneyKardash yup night workouts r the worst but unfortunetly my work schedule only allows me to go at night  its tough!
0,Just called Hillsong again - they said they couldn't tell me where I was on the waiting list - I don't know if it's looking so good 
0,"has 0g of milky bar left, and around 200ml of coke "
0,@jokerrrr It stillllll hasn't arrived 
0,"Mraow, I feel like dancing, but first art school wants to rape me some more. "
0,@karenucol ah! I bet it does I've been like craving to play softball or basketball !!! But I have noo time 
0,Is terrified she accidentally deleted a reference in her management assignment and hopes she doesnt get in trouble when she gets back 
0,amazon s3 plugin not worked in my website . it need PHP 5 . but my hosting provider has only PHP 4.4  . very sad.
0,"Argh! I was suuuper sleepy an hour ago, now I'm wide awake.  Hope I don't stay up all night. :-/"
0,"@austinhill I wish I was!  Sold out   If you have some time let me know, I would love to hear more about what you are up to!"
0,Just watched tropic thunder. Dreading tomorrow 
0,@qweendassah no...he's still miss'n... 
0,ChiefDelphi is down 
0,"http://twitpic.com/2y2wr - according to my bro, our new puppy had a poo fight and was covered in poop  (picture stolen from him)"
0,playing game at home! my new boss didn't call me yet... 
0,Su yin Huen tweeted I feel unbearable guilt. I made my staff cry  http://tinyurl.com/cw2l9t
0,Poor Joshy is sick???   those damn tejanos!
0,My thoughts are with Sandra Cantu's family at this difficult and sad time 
0,"@FranzGlaus I know, just wanted to let everybody know what was happening  "
0,Michigan who?  I don't know them.                   *sigh*   Shameful!
0,i have to fill two hours 
0,"@alicayaba so cuuute! hey, i miss you na!  its not the same not seeing you girls everyday "
0,@JonathanRKnight Oh! Did I mention it? &quot;Gooooood Moooorniiiiiiing&quot;  from Germany! Im back in my cage....or better...my office 
0,throat is closing up and i had some string cheese. not a good idea 
0,"Aww, Sandra Cantu is found dead in a suitcase  Missing children stories never seem to go good. Poor family."
0,wishing i was home underneath my covers 
0,walking home from school drains all my energy 
0,"@ridley1013 I agree. The shapeshifting is a copout. I was so excited for Angela's ep, I thought it was this week.  Noah was awesome tho!"
0,@SaveTheStrib Dang! I would have done this if I knew it was there earlier.  Any other outings planned?
0,I wish I was better at writing. It's taking me so long to write this paper. 
0,..and of course... I have access to my Halo 3 Mythic Map Pack re-download.. but bad news.. not the Legendary Map Pack... ugh.. 600MS... 
0,"@vene2ia ...not yet unfortunately, another few weeks I've been told  How are you? I've been a little bit busy with my latest project."
0,@thecoolestout Ha the sun's already gone 
0,day 2. a lot harder than day 1. let's see how day 3 goes tomorrow. 
0,My man crush Jake Peavy let me down  #gayforpeavy
0,"@trishzw megafast trip, you have time during day tom/weds? Or, you going out tonight? Want to see you bad. Tried to warn you, tech fail "
0,michigan state you make me sad 
0,omg. my mouth is in so much pain  i just wanna sleep untill its time to take my braces off.
0,getting annoyed easily today  &gt;&gt;&gt; biofuel proposal: getting annoyed easily today  &gt;&gt;&gt; biof.. http://tinyurl.com/ceprvs
0,@MizzChievouz Hey girl. The site is back.  Girlyvue is back and they have even more videos. 
0,@a5hleyf i'm spending time with my grandma early tomorrow and i can't leave skittles by herself. 
0,just got home from watching Michigan State get tromped!   
0,"Oh jew-bus! Two years worth of classes' work is ALOT to organize &gt;_&lt; i'm not finishing tonight, it's not possible...my bones ache "
0,"@griffmiester no exchanging for me, my laptop hasn't arrived "
0,@hyperbets i hope this doesn't last too long.  i feel miserable!
0,@rcompo RACHEL! hang outage is neccessary - i was gonna be home this wekend but dumb folk make me work   so im free F and Sat until 4...
0,@TheLeagueSF Not Fun &amp; Furious? The new mantra for the Bay 2 Breakers? It was getting 2 rambunctious;the city overreacted &amp; clamped down 
0,@amber_benson  my hubby (for some reason) thinks it's more important he has a good spot for red carpet for the Trek Movie Premiere. Sod!
0,"I swear no matter how long I've been getting up at 5am, it never gets any easier. Man my eyes hurts wah "
0,@Jeffree_Star Jeffree! How do you keep your hair one color? My PERMANENT dye fades within the week 
0,"@otakusecret my reaction too  whoa, didn't see that coming"
0,"still sick. feeling a bit better, got some new medicine.... hope I feel good after a night of sleep. ohh, and it's suppose to snow! WTF! "
0,"@Dangerm0use I think maybe you should get a couple more hours of sleep, hon. How productive can you be right now if ur dog tired? I worry "
0,@maddyVA Thanks a lot. Learned a lot of new words but didn't find what I was looking for. 
0,Wish I had all the XBLM downloads all on the gamertag 'Hitokyri'. This 5 gamertag thing is nonsense... and I'm tired of it 
0,New Testament Test at 9:30 am   
0,@ScoutBuck tons no hay Troll? ahhhh 
0,stupid movies we watched... mirrors ugggggh... stooopeeed!!! rip off! 
0,"http://twitpic.com/2y2yi - I love you, Buck. "
0,last one!!! but still not done!!! 
0,homework.... 
0,I don't understand why things get taken away. I didn't have enough time with him its unfair. I want him back!! He was like my baby 
0,Scratch that: du in heif (two in a half) cookies. My tum just can't take anymore shoog. Poots 
0,@cococourtney i was just listening to the sweets for the first time in forever! i miss them so much  can we go to chi town for visits plz?
0,"Geez what a busy afternoon. Meetings, emails, meetings and email and more meetings. 6pm and the day is still going! Ah its dark and "
0,"DANG!!! ANOTHER SPRING BREAK!!!  HOW COOL IS THAT???  TOO BAD I HAVE TO WORK ALL WEEK  OH WELL, MORE MONEY FOR A PHONE.  ttyl EVERBODY!!!"
0,@Sara_Kate Im afraid too  ( ur reply about uni from ages ago
0,feeling down 
0,@CarVin1 lol they are some emotional ass men!! Omg all this late night eating.. Both of us are broke 
0,"@nick_carter Aww Nick!! I like your hair longer, why did you cut it off?  Break. My. Heart."
0, wonder if Jon lost the net
0,Wow. The most depressing thing in the world is losing a video that you've created in a matter of seconds.  #FML
0,@nchokkan https://www.mycomicshop.com/search?TID=395031 But all says not in stock 
0,@Poohpot lmao im sorry poohpot i ate it all! 
0,Any chance  Softbelly (for @MTUB) isn't loud? 
0,Time to move my posterior  and lose some fat. My articulation are creaking so no more running  but Iï¿½m drool for some swimming
0,listening to nathan cry.... 
0,today sucked. I'm gonna die without chris and callum!  wahhh!
0,"STOU site not update, no info about 2/2552 exam, and open course, I must wait for mail notices and doc. um... "
0,@ohsbrat30...I'm sorry. I'm feeling kinda yucky myself. 5am is going to come too quick 
0,is in love with scrappy and is missin him already 
0,wants to hear @seblefebvre 's song but myspace is messing with me 
0,Bad news was Dad has cancer and is dying   Good news new business started and  I am now a life coach practising holistic weight management
0,@duchess_rebecca Man... intervention is soo sad 
0,HELP! I need a new boyfriend... I'm stuck in a rut 
0,I feel like a complete idiot. I'm the only one who doesn't get how this shit works  help me 
0,Saw an ad on Craigslist for a casting call for a female host on G4. I was totally psyched! But realized it was a hoax 
0,Pepperoni rolls in L.A.?: I called Valentino's - they said that they had sausage rolls but no pepperoni rolls  http://tinyurl.com/cec5ka
0,"@soillodge yes, it will be. it's only Monday "
0,i want the new GG episode already 
0,I miss watching Rocko's Modern Life. 
0,RIP Sandra....its so sad    how can someone do something like that??
0,Keeping my fingers crossed for my buddy    He is not feeling well.
0,Wait should I eat?? Or be skinny for vegas!! I'm hungry! 
0,"@Marge_Inovera I tried tweetdeck once and I hated it with a passion. Or it hated me, I'm not sure... "
0,"@benackerman BTW my iPhone is acting funny, dying quickly and freezing and BS.  I'm not admitting anything, just sayin "
0,Sitting here wondering why &quot;ED&quot; still has such a strong hold on me 
0,@bananaface IM SORRY I GOT YOU SICK.  lol. going to bed too. NIGHT!
0,"@carolrainbow no Internet at home, have to drive into Ox to use Internet because of builders! "
0,@Steve_Buscemi the weather in Canada is freezing 
0,twiggassssssss I been out of range all day  I'm back now and hopefully for good.
0,@danadearmond 
0,anyone who reads this pray for my Grandma. She's in pain 
0,"#3 woke up and was having an accident - &quot;It's pushing, it's pushing!&quot; he was crying because he couldn't stop from wetting his pants.  "
0,"Home from Franklin street, I almost jumped over a fire. Someone kicked it before I could.  Jenny lost her shoe."
0,@johnnybeane hey! you just changed your default. 
0,Finally gave in and was bored enough to start this thing. I think the 140 is going to be a problem for me tho.  its like a myspace status.
0,"@ellievolia If oooonly we were really so lucky, eh? And awh  Definitely too early for work."
0,buttload of homework! 
0,needs another copy of visual studio 2008 
0,"why to we, the only school in the world, be in this week.My school is silly  anyway... look on the bright side. When i'm off, u will be in"
0,omg i've an economics test. and i dont know all the things i have to know and omg im gonna fail 
0,"@robcthegeek Once upon a time Hundred Islands was the pride of Philippine tourism, but coral/clam/rare fish poaching did it in. Kinda sad "
0,"@Henkuyinepu yeah, apparently i have really bad taste "
0,@hummiemd I KNOW! I was really surprised since everyone recommends them on youtube.  I have to call them tomorrow and figure it all out.
0,Waiting at the airport for my ride while I get harassed by 2 men trying to sell me ugly hats.. Why me?!  I just want to sleep..
0,i left my IDs at the location and now i can not go out to bars  FUCKKKKKKKKKKKKK
0,@celycarmo i'm sorry I don't understand your last comment 
0,@OfficialRandL when is the announcement? i stayed up late last night 
0,"@KishoreK this is strange, illegal torrents avlbl everywhere, legal DVD not in stock  What do I do now???"
0,ITS NOT ENOUGH TO SAY THAT IMISS U 
0,This trolley has up packed in like sardines! Padre game and they REMOVE a car?! Good call MTS 
0,"@RandomlyNat Jeez, I was just trying to help  Haha."
0,@SupaMagg that happened to me saturday night. along with my glittery green lighter! 
0,trying to reduce the number of cigarettes in each day! 
0,yea it is so quiet around here cuz everyone has to work im bored to death with nobody to talk to 
0,gotta do my cooking assignment  its too hard
0,"@treesahquiche okay, about the applepears, I've talked to a few people and they've ALL had them before. No one ever told me, never "
0,"@jennifermf I know!  I'm a night owl by nature, hahaha Am I a time zone behind you? It's almost 1 here"
0,@mamasvan lol - nope! but i did have complete #camerafail 
0,@maxime68 @megelder But! I'm useless if I don't sleep  It's not fair! I want all the fun as well!!!
0,My Pookie has a UTI.  I have to be Nurse Gabbie and get him back to 100%!!! No more sodas!!!!!!!!!!!!!!
0,@jillianfish tweet something damn it!  and hang out with me please? 
0,@anistorm 
0,"I'm SO behind in video games, and everything for that matter. I'm yesterday's news "
0,"@sleep_til_noon I did, it was the only one left but I got tempted and ate it soon as I got home  I had a chocolate velvet &amp; ate d mocha"
0,Is stressing out because my blackberry keeps flashing a red alert status for no reason!! Its faking me out and I hate it!!! 
0,http://twitpic.com/2y34e - I wanna wear my Doc Martens out! Haven't worn them since December. 
0,When to the shoe repair shop and the guy could not find my shoes!  So I have to go back and see if he can find them in a couple days. 
0,@B_Barnett I did not really see that coming 
0,"just woke up from the most vivid, sketchy, not-cool dreams of my life. time to stare at the wall with the lights on. "
0,it'll take 3 days for my sister to get her passport 
0,@nicolerichie OH MY YES!! i miss 
0,Uh oh... I think I am getting sick 
0,Good GOD they ruined my belly button!!!  
0,Watching Who Framed Roger Rabbit. Makes me miss Toon Town. 
0,"@akianz renting.. but very cheap renting, and awesome house. We had 3 buying attempts fall through "
0,running nose + spinning head = not a good combination for a meeting! 
0,@EazyDoesIt87 NEGATIVE.. you lost my vote of confidence 
0,Nasty budget due and my iphone is being sent to Apple today. 
0,@Sofii_Noel thatï¿½s bad 
0,"Dammit, episode 3 of Kings won't play for some reason  stopped in the middle now won't do anything"
0,I'm so upset that I missed my chat and quiz online because my free internet has ceased 
0,can't believe it! I'm in disbelief of it all in a way really. How much can I take from people and always get hurt by others!! 
0,Car show season has started without me 
0,my throat is raw. 
0,@KevChoice I just don't get it. What in a persons mind could even have them on some ish like this???  My prayers are with her fam for real
0,@frago I hate you. I didn't need to see that. I need to call my therapist now. 
0,Twilight didn't come yesterday  fingers crossed for today
0,@NileLegania glad I was able help you feel better. I hate to see you sick  Love you!
0,is tireddddddd. want to sleep but i have an assignment to finish and an exam tomorrow to study for 
0,"You know, I was thinking... I need money "
0,omg..its jst teusday 
0,@ddlovato @David_Henrie ummmmm i cant find it. 
0,Just heard that they found Sandra Cantu... She was only 8 yrs old 
0,@corrosivecandy Ive forgotten how to snoo-snoo  I wonder if snoo-snoo and I will ever meet again...
0,@AmaNorris wow that last tweet made me seem like a giant sexist...sorry about that 
0,"My bathtub drain is fired: it haz 1 job 2 do, &amp; it iz FAIL. I got all Drano on its ass, &amp; iz STILL NOT DRAINING. I wanna shower, dangit!! "
0,stuck at home 
0,@nomadicmatt mine is 1/10  how do you get it up?
0,Duckling in famous children's book stolen from Boston's Public Garden - The Boston Globe http://tinyurl.com/dc2htx via @ShareThis OH NO!! 
0,"@Appomattox_News Thank you! However, I hate to be on the same list that includes 2 convicts.  "
0,"Heading to Altrincham, again! Out of hours install "
0,MORNING!!! Good im bloody knackered!!! Work is not for me today  HELPPP!!!! xxx
0,@jeffreecuntstar  I don't have a garage.  But you can park in my driveway!
0,@lauredhel  What happened?
0,"&quot;On popular music&quot; by T.W.Adorno is probably the most difficult reading ever prescribed, I'm actually struggling to continue "
0,"http://twitpic.com/2y36e - cant see the flowers falling  i dont have a camera, just my cellphone"
0,"We've been good. I'm not liking the snow right now, was getting used to the nice Spring-like weather.  How about you?"
0,@brian_armstrong What a pity YouTube is currently blocked in China.  I can't see the vids. 
0,@margaretcho what happened to your show it was the hightlight of my life 
0,This is the best leather sofa in the world!  It's in the office though which means I'm still here working 
0,Still 3 more days until my Internet gets uncapped 
0,"If he doesn't get better in a few days, he could have something lodged in his belly "
0,i Love my atekinzz so much. &amp;&amp; i soo miss her.. 
0,I wanna sneak into the zoo and play with the kitties 
0,@lolitariot oh no  hope you're not getting sick too!
0,@alejandralei i dont think i can cause its my cousins birthday party 
0,"Our sweet little man just fell asleep while waiting up for daddy and big brother to get home!  Poor baby, he missed them so much today!"
0,the angel is going to miss the athlete this weekend 
0,trust is hard 
0,have watched that considering today. yaknow. shawnna tomomorrow;i need my bestfriend 
0,Grr i want to keep reading but if i do i wont have anything left to read 
0,"atekinzz, where in the world are you?? "
0,@RumLover No! u supposed to be my date 
0,"pears &amp; Brie, bottle of Cabernet, and &quot;Win a Date With Tad Hamilton&quot;... oh gawwd my life flashed forward to when I'm 40 with my 75 cats "
0,Crap. I need more dresses too. 
0,@kaeeeep yeah! i know! it was horrible!!!! ugh. saddening. 
0,@Brodhe geez ur no fun are you 
0,I wanna be in a punk rock band again 
0,@jyesmith That's a lot of angst for a Tuesday afternoon 
0,I'm very glad Britney isn't crazy anymore! That was one hell of a show! Now I'm sad that it's over.  Next up...AP at Cook County!
0,has a huuuge headache! omg I feel like crap! 
0,@Anistorm Sorry 
0,@cleders sorry...i was rooting for them too... 
0,"Man, that took forever. "
0,@shandasaurus  I see.
0,I am listing more items on ebay to sell!  Takes forever..meanwhile Coleman is watching The Hills season premier without me.. 
0,"Just got my presentation done, 23 slides done...  I'm crying for this week will be the hardest of all weeks."
0,Just lost $160 
0,I don't like the previously on skins thing that starts at season two. I like it when it went straight into the intro like before 
0,@Houndour ...i wish i was there...i'm pretty good at scaring the shit out of people 
0,Going to sound vain... but running out of my fav lip gloss 
0,"@stuiy never again will I click on a link that screams, &quot;I'm a spider, I'm a spider&quot;. I should have known better. yucky "
0,Why is that when you have time off from work you get sick? 
0,@pratama Same iMac came out $320 more in Indonesia than the States. 
0,Dammit... I need to stop buying furniture 
0,@Miss_Sil no i was half asleep and turned off the laptop after that 
0,"Death is peaceful,  life however, bites "
0, i think @JonathanRKnight lost the net ? sure hope not
0,"http://is.gd/r8Zf,  http://is.gd/r8Zy, and  http://is.gd/r8ZG - test footage with my girlfriend (in HD) The dark one is underxposed "
0,Such a tough game to watch tonight for State  Finally going to bed after also staying up to watch the season premiere of the Hills!
0,Seems jRuby support for hpricot is now two versions behind 
0,@JinxCat Unlike my sister...I still don't have one 
0,Fraking app store is pissing me off   http://tinyurl.com/c4ooho
0,Logging out. I need to study.... 
0,anyone else having problems accessing TTB??? I cant get on!!! 
0,I strongly dislike people who make stupid comments and dont know the whole story 
0,"@emmaketurah  i'm sorry Emma, is swarley a goldfish? i'm sad for u."
0,"All my tweets are already gone, aren't they  Missed you guys tonight."
0,Can't sleep again. Face is kinda swollen. Don't let me be allergic to the thing that'll get me to Thursday. School tomorrow? Doubtful. 
0,"@Snick_the_Dog If Izzy's on the cat tree, she'll stare him down, but if she's on the floor, he chases and she runs. "
0,I am officially banning godaddy.com from my comp. My head hurts from the small print AND I wasted $10 that could've happily gone to Boba 
0,@HumanOpium pretty much just scary for me 
0,@ilovepie mines too... I'm finding it well hard to get fit... 
0,"Good morning! Ready 2 go, but I want 2 go back 2 bed "
0,hates waiting for mails 
0,wheat bread from the dollar store just doesn't toast nicely  going over my taxes and calling it an early night
0,"Why Kutner? I mean I knew something was going to happen to someone but it was so sad. I &lt;3 House and it was well done, but I'm still sad "
0,@JonathanRKnight aw ok goonite....  
0,ill so i cant go to the cinema!! 
0,Fell asleep . . . Really didn't mean too  *christina*
0,"@KelleyRowe hey, you remember that time we used to be friends?? ;)  ugh. vomit. sick.  i need sleep "
0,my lymph nodes are as massive as rahm emanuel's balls right now 
0,Oh no my computer sucks. I don't think i'll be able to listen to the Xbox 360 Fancast tonite 
0,is missing playing my trumpet 
0,My throat is still really sore. I was meant to be going on a 5 day camp from Friday but not so sure now 
0,@sasii I know exactly how you feel! 
0,At work 
0,Well bed time now. 1 am. *sighs* Back to 6 am mornings for a week on Wednesday. 
0,@hert Jesus Camp? Yeah... 
0,"@MaryBethune oh no! with everything that happened today, i forgot we were going dress shopping for the opera tomorrow. "
0,Turtles are better than my Mac - lasts longer and moves faster 
0,I am soaked. This is not pleasant 
0,@ginayates Sorry to hear about Maggie.    Thoughts to your mum.
0,"@ewarden, you may have to email this one to me  I hope you feel better."
0,@miamiiboii dead @ yu gettin on wen im leavin 
0,@arlenecd PLEASE TELL ME THAT'S SOMEWHERE CLOSE TO CALIFORNIA!!! LOL! 
0,@phlaimeaux where are you? 
0,stupid arranged marriages... i'll convert so you can marry me...love you! 
0,"@emilyruppe Well he said that he is a looser, and that is what the show implies "
0,Poor Sandra Cantu &amp; the Cantu family! My prayers go out to them! What a sick world we live in. She was only 8 
0,fuck omg  austins always there though man &lt;3 love you
0,@nicolerichie I cried so hard when Matthew died 
0,sad that the 'feet' of my macbook just fell off : sad that the 'feet' of my macbook just fell off 
0,@chordsy - why am I the last to find out about these things? Like that you're on the twitter too. 
0,@lovebscott absolutely not!! 
0,http://twitpic.com/2y3cf - Filled with curry  the true indian in me is coming out
0,im soooo cold right now 
0,@heidimontag lol I kant believe cam got beat upp sooo embarasssiiiin 
0,@JonathanRKnight Good Knight hun! Looking forward to ur tweets again! Hate that i keep missing out on the fun cuz of the time difference 
0,Tumblr: This is exactly how it feels wearing a ï¿½tieï¿½  http://tinyurl.com/c8bvqh
0,@daniela_95616 hahaa!! i just realized &quot;impune&quot; definitely isnt the word i wanted... dang. i'm so unclever. 
0,watching old videos of dance team and such... makes me miss it  
0,Wahh  no CSI anywhere! DVR'ed I Love Money 2 though - gonna watch it then sleep - Goodnight Tweeters&lt;3
0,Struggling hard with Inventory 
0,@ddlovato Do you hate us?? Please don't 
0,@ballinbitch haha im not THAT ballin. I still got bills to paaaaay 
0,I'm in one of those days when I really just want to work from home.  Crap. 
0,@paul_e_wog Wait...is it a game or just episodes? I'm so confused. 
0,@carlyw66 HAHA. I cried...  I guess he did....
0,I don't get statistics!  Its all a bunch of mumbo jumbo for me.
0,"@sloanb Got it, sadly, only works for UK &amp; US at the moment "
0,Evicted 
0,doesn't enjoy learning CSS. 
0,@nachojohnny Brian don't make me fuck u up LOL I replied 2 ur message...did u get my # ? I miss u 
0,"@heidimontag I  dvr'd it and went to watch it, apparently the dish network went down SO I MISSED IT    I will have to catch a rerun!"
0,@JessDubb lmao. U may have to wait for another season to come thru. its summe boo. Hot nd dry ass weather 
0,@LizChavez I can't set my feet on the ground. The missing eyelid people might get me!  
0,@daniela_95616 my english professor would be ashamed. 
0,[-O] I wish the frogs weren't becoming extinct    http://tinyurl.com/cxe8w7
0,"Came home from Cross County, Tired as "
0,I don't want to walk home in this snow. Who wants to pick me up? 
0,"@heidimontag Lauren is being stubborn. she loves you, you love her.  I feel so bad for you, though. it made me cry  lol!"
0,is grouchy. and wants bmar 
0,"my heart is broken every morning dropping Foo at pre school, now i understand when moms say &quot;he has my heart broken&quot;. "
0,Not feeling well and back hurts 
0,Im in the mood for some chocolate. I want..... Miniature Reeses cups. Now 
0,I can't take this heat! It's like an oven in here. I feel sick nwo 
0,@nick_carter Come to the chat  just 15 minutes  please? http://fanclub.backstreetboys.com/chat.php
0,Boredd. Colddd  Internet keeps stuffing up
0,"I had a horrible nightmare last night which affected my sleep, now I'm really tired "
0,"im lonely  keep me company! 22 female, new york"
0,@Born_4_Broadway Lost  and it was St. Ignacius Prepatory School. Haha.
0,@birutagme yeah  it was really depressing... stuff like that gets to me
0,"@whoisariston No problem, tongue-in-cheek remark.  Lots of acronyms, but no NZ "
0,@greggrunberg hey you said matt was gonna go all ballistic... i was disappointed  good ep tho mostly
0,ugh horrible ending to the sandra kantu story  prayers go out.
0,@danielledeleasa http://twitpic.com/2y1pe - I hate 2 B allergic  i want a puppy soo bad that i've already thought some cool names
0,Morning folks 7.00 am ..yawn! Up &amp; away to see to horses - hope Twitter is better behaved today!  Last night was a travesty 
0,@QuanDotCom I miss mine too! 
0,@AmandaEnglund Sorry to hear about your loss.     There have been many this year so far.
0,@nicolerichie Gossip Girl was a repeat 
0,@InYourEyes2410 I reckon 
0,finding it really hard to use twitter 
0,I've been stuck in this house for two days 
0,is really sad and doesn't really know y!!??!!! 
0,@thousand_miles no 
0,"Maybe one of these years I'll get a tax return.  A girl can dream, right?"
0,"Back at work, tired as hell and i feel a cold coming "
0,@clarianne @Knot2serious APRIL 9TH ISN'T COMING SOON ENOUGH 
0,"@hannahsix cream for his eye and he may have herpes - not ocular herpes, but a different strain.    He's doing okay though."
0,gotta repeat  whole art folio cuz old one with a whole terms work got wet 
0,I'm ready for the weekend already. It's only Monday. 
0,@lovebscott umm nope..think im an insomniac ..plus i got the flu...i'lll be sleepin like a phuckin fish outta water any minute now! 
0,"has Finland sleeping for the night, not really enough time "
0,@lunafiko can't wait to try em but prolly have to wait until next weekend at the earliest 
0,Shiner is taking up all my bed and blankets! 
0,@clarianne APRIL 9TH ISN'T COMING SOON ENOUGH 
0,wants to cry 
0,I need to go to the bank tomorrow before I go broke... 
0,"This earthquake in italy has me sadden.  it's only three hours away from naples, where my family is "
0,"i should be sleeping, i have a stressed out week coming to me. "
0,@dragoneer Yea   I am working tp hack my server to do the 12player thing for folks
0,has hurt her ankle!! and is going to the dr 
0,@raymondroman oh noes. how did you manage to send something to the trash can AND empty it without noticing! i feel for ya 
0,Lost my free copy of radioactive so can't put it on my ipod grr!And i can't go out + buy 'nother coz it came with that paper 
0,doing make up shit 
0,"Photoshop, I hate it when you crash "
0,vacations makes me feel sick! 
0,you shouldn't have gone 
0,listening to Murd and 9th wonder- just chillen out missing my crazy sex life  
0,"@louie094: shooting!?!! be careful, luisa "
0,@hillary006 I'm sure everyone has ruined my gift to you  Whitney has my serious Cell #...We doing easter as well?
0,is at Beso in Hollywood... so tired 
0,"I don't want to wake up early tomorrow.  Damn you, work!"
0,just finished watching the movie Prayers for Bobby. Broke my heart 
0,@syekr is myki really horrible? 
0,@stephenkruiser i had 2 put my dog down today too  someone ran her over
0,@NevadaWolf Sorry to hear about your DNF run tonight. Always a risk to get bad coords on an FTF!! 
0,"@Honey3223 I did get some disgruntled people when I wrote my ESN, but the 1000 hits in one day made up for it. Bill pulls in 250 tops "
0,"@moony394 OHH! OMG. LMAO. I'm crying right now, LOL! KUTNERRRR was the best! "
0,came back from running and took a shower...why does my lower stomach still hurt after exercising? 
0,watching Fallon with mom and working on a project...school is hard 
0,56 min till home time and counting! I have a craving to visit the MAC store but they will have closed by the time I get there 
0,@stephenkruiser I am so sorry to hear that!  Take care!
0,@PaulColes  hmmm...greed is good when it motivates the individual to do better-not so much when it takes away from others 
0,"@GABBYiSACTiVE brat! You have to rub it in, don't you.... I want a mocha "
0,KUTNERRRR!  WHY??? WHY??????  And to think that 13 is still on the show?? UGH. Kutner/Kal Penn - you've been the bright star in Ho ...
0,@redvinylgirl my mom has it. I wish you the best of luck 
0,I so hate homeworks -.- My head hurts so bad 
0,got the ebay blues! item i want jumped from no bidders to over $100 in an hour.. still has 3 hours to go. i'd better not get my hopes up 
0,@gigdiary I know -  was a little depressed that we ate so much last night there were no leftovers today 
0,"well the pc in my living room suffered a fatal partion lost, all my itunes library is gone.. and some docs with pics.... "
0,sad day: manu out for the season 
0,@stephenkruiser You poor spunky...its so sad...my Rotti made it to 10 and I had to go down the same path....I know how you feel 
0,im sooo sad right now  i need a hug
0,"wants her step brother home  im so worried, you dont even know. i hope he knows how much i care for him..."
0,@heidimontag just got done watching the hills! loved it! excited for the next episode! and im sad this is the last season! 
0,@ryanmwilson aww that stinks!  *hugs*
0,"I'm tired. I feel like crap. And the world feels all crummy. Make me happy, USB disco mouse. "
0,"i dont want to believe what im reading...buu,so sad "
0,Wondering why gamebattles is down 
0,White trash vs us... We were outnumbered.  http://twitpic.com/2y3jp
0,"@emitstop So true, I have it and don't use it "
0,"Spring break is here at last, but no one is here to celebrate "
0,Morning! Bah Car won't start.. waiting for the ANWB.... 
0,"@katebornstein which is pretty anti memorial tattoos   but for all but the strictest, there's no official BAN, just disapproving family"
0,"Balamurugan, a longterm member of the team is leaving this month. We'll miss working with him  hope he does well in his next venture"
0,@JustGelo Its sad knowing how they found her body. What a crazy world we live in. No child deserves that ya know. 
0,"I wanna rock a Maxi dress @ Coachella, but lacking funding "
0,Of course the baby is screaming in the crib the night before my first day back at work.  So I let him cry it out? Boooo
0,"I am home missing my baby  Busy week ahead Fri is a chill day with my guy and kids, Egg hunt Sat, Spiral and DMB Sat night and Easter!"
0,@FollowSavvy I never found her. everytime I click on her twitter thing through your myspace..... it goes to some dude's page 
0,@stephenkruiser that's horrible  sorryto hear that.
0,@David_Henrie i cant find it! it says dtmafiaofficial doesnt exist!there's jus 1 dtmafia i found n u dun seem to b followin it  wht to do?
0,i thought you would support me on this 
0,"augh, eff sarth  i stole some of MIL's nail polish, its pretty! =o"
0,Wishes I was on the Spring Fling Tour with Dawn &amp; neecee Sigh  G'knight
0,The Hoyts Distribution NZ website isn't working for me. Great. And it HAS to be like this when I need it most 
0,@crummyasshole i don't like that they only had him in the first movie  cillian murphy is hot 
0,wishes for good old cartoons to come back. ie: Captain Planet! Where's Wally! Daria! (sadness  )
0,not feeling v good abt myself 
0,i just got a text from sarah 
0,Another day at centre point - this time an early start so guessing train will be rammed with commuters 
0,"Four games this fall: Modern Warfare 2, Halo 3 ODST, Brutal Legend, and Bioshock 2 I need more cash "
